{
  "calName": "center_camera_fov120",
  "cameraType": 0,
  "timestamp": 1743678911973,
  "P": [
    [1473.2678169196038, 0.0, 1917.35, 0.0],
    [0.0, 1473.3451116152514, 1083.26, 0.0],
    [0.0, 0.0, 1.0, 0.0]
  ],
  "R": [
    [1.0, 0.0, 0.0],
    [0.0, 1.0, 0.0],
    [0.0, 0.0, 1.0]
  ],
  "T": [
    [-0.008180337640207903, -0.9997780907851276, 0.019412626146923462, -0.0842006775084003],
    [-0.009324252775739098, -0.019336172888942963, -0.9997695744633628, 1.6057175559445964],
    [0.9999230310659027, -0.008359460144092829, -0.009164006044206042, -1.9735900675130307]
  ]
}
